,jobPodName,dataParallelism,executorCore,learningRate,batchSize,run,comments,running_time
0,trainjob-8cb530b7-a690-4978-9b64-11860b4d4000-master-0   1/1     Running   0          7s,4,1250m,0.01,128,1,,41.26152062416077
1,trainjob-c91b39c2-2142-46c8-8a75-b121aab121c1-master-0   1/1     Running   0          7s,4,1250m,0.01,128,2,,39.99381136894226
2,trainjob-98ddc9f8-d215-4fe5-a9ef-553610703fa1-master-0   1/1     Running   0          7s,4,1250m,0.01,128,3,,39.73478960990906
3,trainjob-5e93006b-5822-4282-8cee-ae2643d52b1a-master-0   1/1     Running           0          6s,4,1250m,0.01,256,1,,39.59909725189209
4,trainjob-477bb06c-e4d9-4c85-bf28-d2e21e8fc9d3-master-0   1/1     Running   0          5s,4,1250m,0.01,256,2,,38.17530179023743
5,trainjob-79fda14e-e199-453a-b27f-1b3fa965983c-master-0   1/1     Running   0          5s,4,1250m,0.01,256,3,,37.661669969558716
6,trainjob-da02585e-ebca-463d-ae86-0c9648d2b34f-master-0   1/1     Running           0          7s,4,1250m,0.01,512,1,,36.90808033943176
7,trainjob-8e44ee7f-d4db-4149-8693-2e78ba98f1d7-master-0   1/1     Running           0          5s,4,1250m,0.01,512,2,,37.81755089759827
8,trainjob-9fb08847-b795-4ca4-9057-454073a876e8-master-0   1/1     Running   0          7s,4,1250m,0.01,512,3,,36.92893099784851
9,trainjob-43296bdb-dc71-4bc4-80af-3887f34d2e14-master-0   1/1     Running           0          7s,4,1250m,0.02,128,1,,40.06619572639465
10,trainjob-9e575361-071b-424d-9c34-ace38783d01b-master-0   1/1     Running   0          6s,4,1250m,0.02,128,2,,41.086432218551636
11,trainjob-0e5c1c97-1788-4382-a647-d5dbfcca4ac2-master-0   1/1     Running   0          5s,4,1250m,0.02,128,3,,40.29281973838806
12,trainjob-45137eb3-62e6-4ea0-a07e-83e869dc9a86-master-0   1/1     Running           0          7s,4,1250m,0.02,256,1,,37.662517786026
13,trainjob-66d6672b-872d-42e5-8c45-0ac6c9f4a1cc-master-0   1/1     Running   0          6s,4,1250m,0.02,256,2,,37.54269337654114
14,trainjob-30c10e6a-4056-49c5-a898-bd934a6dee04-master-0   1/1     Running   0          6s,4,1250m,0.02,256,3,,38.50203561782837
15,trainjob-6d0fbf52-c76b-499f-b158-5c57d1bb4849-master-0   1/1     Running           0          7s,4,1250m,0.02,512,1,,37.421846866607666
16,trainjob-4478c33e-d2aa-426f-9d10-efd23b903681-master-0   1/1     Running   0          5s,4,1250m,0.02,512,2,,39.80005478858948
17,trainjob-2d5d5915-a1f6-4dcf-994f-dc39e18b28ae-master-0   1/1     Running   0          6s,4,1250m,0.02,512,3,,37.48471140861511
18,trainjob-6a77b36d-434b-4cbe-980e-d64319541667-master-0   1/1     Running           0          7s,4,1250m,0.04,128,1,,40.270230531692505
19,trainjob-d27a6dbb-b3e5-43d4-8ac6-4388216db954-master-0   1/1     Running   0          6s,4,1250m,0.04,128,2,,39.50479292869568
20,trainjob-86de8342-034d-4744-9f93-c841bb1cc938-master-0   1/1     Running   0          6s,4,1250m,0.04,128,3,,39.630699634552
21,trainjob-389331d5-8254-4d3c-8e19-94c02ef5217b-master-0   1/1     Running           0          6s,4,1250m,0.04,256,1,,37.89581489562988
22,trainjob-9b3c99c9-713a-40e2-a241-9b034f7ca85e-master-0   1/1     Running   0          6s,4,1250m,0.04,256,2,,39.55518889427185
23,trainjob-c3e95668-a9ef-4673-836d-013ac10296f9-master-0   1/1     Running   0          6s,4,1250m,0.04,256,3,,38.125680923461914
24,trainjob-921831ae-8fe6-4597-a9a6-7d013478dfed-master-0   1/1     Running           0          7s,4,1250m,0.04,512,1,,38.722426652908325
25,trainjob-c2518e26-460b-450c-b214-81386933252d-master-0   1/1     Running   0          6s,4,1250m,0.04,512,2,,38.303049087524414
26,trainjob-2159c5b0-3046-42eb-be3f-119beb01be03-master-0   1/1     Running   0          6s,4,1250m,0.04,512,3,,38.2908833026886
27,trainjob-f8e9f06c-b688-4585-817e-ac72955f48ee-master-0   1/1     Running           0          7s,4,1125m,0.01,128,1,,45.58303713798523
28,trainjob-017f475a-084a-4649-9721-bb3e15e987cb-master-0   1/1     Running   0          6s,4,1125m,0.01,128,2,,44.604795694351196
29,trainjob-550e4250-0512-40ef-8150-10f5e4f7e903-master-0   1/1     Running   0          6s,4,1125m,0.01,128,3,,45.10497045516968
30,trainjob-87b67040-929e-4d28-954f-054c86c40605-master-0   1/1     Running           0          6s,4,1125m,0.01,256,1,,42.81205153465271
31,trainjob-104ed98d-7f22-45ba-ae22-e046ba72e11e-master-0   1/1     Running           0          6s,4,1125m,0.01,256,2,,43.66448664665222
32,trainjob-f737381c-4cdd-4fba-bd6c-be4bf203d80c-master-0   1/1     Running   0          6s,4,1125m,0.01,256,3,,41.91266179084778
33,trainjob-a69e1992-f371-4ab5-8dfc-0948a073e3e6-master-0   1/1     Running           0          7s,4,1125m,0.01,512,1,,42.1043426990509
34,trainjob-5ec8f535-ed8e-472c-96b1-99db13298866-master-0   1/1     Running   0          7s,4,1125m,0.01,512,2,,43.607882499694824
35,trainjob-ce643d2d-a7d2-4c64-829f-faab3a68ec57-master-0   1/1     Running   0          6s,4,1125m,0.01,512,3,,43.40277624130249
36,trainjob-f1c12f95-e446-4550-96ce-2776e5f377c0-master-0   1/1     Running   0          9s,4,1125m,0.02,128,1,,44.54717230796814
37,trainjob-7a8db345-ef16-45e4-9547-c81131e662ee-master-0   1/1     Running   0          6s,4,1125m,0.02,128,2,,45.82415962219238
38,trainjob-50bb1954-839a-4bc7-8b0b-6731b0e05ba8-master-0   1/1     Running   0          6s,4,1125m,0.02,128,3,,44.77729916572571
39,trainjob-2851e03e-a4c3-4b54-bff2-8e9a6be420b7-master-0   1/1     Running           0          7s,4,1125m,0.02,256,1,,42.45527768135071
40,trainjob-612c0cbf-1b28-4460-b19d-939860f5f01b-master-0   1/1     Running   0          5s,4,1125m,0.02,256,2,,42.8961660861969
41,trainjob-c6428df3-43ca-44bc-9e66-1998ad9963b4-master-0   1/1     Running           0          6s,4,1125m,0.02,256,3,,43.24441313743591
42,trainjob-0a99a908-7dea-440a-beb1-5d84d356e64b-master-0   1/1     Running           0          9s,4,1125m,0.02,512,1,,42.39002323150635
43,trainjob-02ca1a9d-8e89-419b-82ee-4746ac4a14cb-master-0   1/1     Running   0          5s,4,1125m,0.02,512,2,,42.35852861404419
44,trainjob-a3ae210b-6c53-4a3b-82ec-e98c29835084-master-0   1/1     Running   0          6s,4,1125m,0.02,512,3,,41.37748074531555
45,trainjob-e4954486-5702-49c6-a0d7-1a7ac6748809-master-0   1/1     Running           0          6s,4,1125m,0.04,128,1,,44.622639179229736
46,trainjob-46ed71ea-8013-4432-9909-6a9b52ab90f3-master-0   1/1     Running   0          6s,4,1125m,0.04,128,2,,43.80264854431152
47,trainjob-1121dc96-203c-4e92-86e0-a60136de535b-master-0   1/1     Running   0          6s,4,1125m,0.04,128,3,,43.728628635406494
48,trainjob-be723f48-eba4-4222-b409-9eed2e960a59-master-0   1/1     Running           0          6s,4,1125m,0.04,256,1,,40.52847909927368
49,trainjob-89c36f60-f8ae-41d5-8a61-bad43afb6923-master-0   1/1     Running   0          5s,4,1125m,0.04,256,2,,42.50418257713318
50,trainjob-348d6b59-7c10-46a3-95ed-46f70643666f-master-0   1/1     Running   0          6s,4,1125m,0.04,256,3,,41.799909353256226
51,trainjob-9df8bb52-e38a-445c-8017-0590819831af-master-0   1/1     Running           0          6s,4,1125m,0.04,512,1,,41.38349390029907
52,trainjob-529cab6d-acd0-4a0f-af82-cb616344fd1b-master-0   1/1     Running           0          6s,4,1125m,0.04,512,2,,40.916359186172485
53,trainjob-60d356fb-c6ad-460b-a6cf-122b7b68b23b-master-0   1/1     Running           0          5s,4,1125m,0.04,512,3,,41.89962124824524
54,trainjob-076026a9-2599-4145-b181-a71077ce4103-master-0   1/1     Running           0          7s,4,1000m,0.01,128,1,,51.519004821777344
55,trainjob-5cb6a8d7-fa9c-48d4-a0be-dda62781fcdb-master-0   1/1     Running   0          6s,4,1000m,0.01,128,2,,51.006091833114624
56,trainjob-af46103f-6bc7-4601-935a-e4e9c2697418-master-0   1/1     Running   0          6s,4,1000m,0.01,128,3,,51.17239594459534
57,trainjob-721bc1b8-053a-4867-a6a1-4054a4f610e6-master-0   1/1     Running           0          6s,4,1000m,0.01,256,1,,48.45535445213318
58,trainjob-742f1b84-81b7-4335-9621-3631f4cf5220-master-0   1/1     Running   0          6s,4,1000m,0.01,256,2,,48.08798551559448
59,trainjob-6d369bda-4afc-47f1-ba5c-d1eb8d3dc9bc-master-0   1/1     Running   0          6s,4,1000m,0.01,256,3,,46.56072950363159
60,trainjob-787daba5-5ff9-4009-bc8f-c40c777eab7a-master-0   1/1     Running           0          7s,4,1000m,0.01,512,1,,48.99169993400574
61,trainjob-bb0b954f-4ed2-45da-92c0-86ce591bfa95-master-0   1/1     Running   0          6s,4,1000m,0.01,512,2,,48.31306529045105
62,trainjob-2002143b-950f-4e83-9f3e-3825b8ec42c8-master-0   1/1     Running   0          6s,4,1000m,0.01,512,3,,47.21106958389282
63,trainjob-13e1efb9-39b7-4c1b-8ccd-8cdd78798c31-master-0   1/1     Running           0          7s,4,1000m,0.02,128,1,,50.33300256729126
64,trainjob-f3629702-8049-45b7-b928-62db633179f7-master-0   1/1     Running   0          6s,4,1000m,0.02,128,2,,50.838512659072876
65,trainjob-f8dadf87-88ca-461d-afae-f7606bc92bfd-master-0   1/1     Running   0          5s,4,1000m,0.02,128,3,,50.4004647731781
66,trainjob-430383e0-3f88-43d4-93c6-7dc052c65c42-master-0   1/1     Running           0          6s,4,1000m,0.02,256,1,,48.11285161972046
67,trainjob-35872e54-1a38-4548-a86d-dc854be97c43-master-0   1/1     Running   0          6s,4,1000m,0.02,256,2,,48.174856662750244
68,trainjob-2cc9e03e-d48b-40c0-8a7e-9cf2626a6703-master-0   1/1     Running   0          6s,4,1000m,0.02,256,3,,47.27691078186035
69,trainjob-7190f351-ab9c-478e-86f1-c30759186c04-master-0   1/1     Running           0          7s,4,1000m,0.02,512,1,,48.811225175857544
70,trainjob-046b760b-423f-43f0-b4c4-746d30a8b147-master-0   1/1     Running   0          5s,4,1000m,0.02,512,2,,45.527961015701294
71,trainjob-615c9aff-aec3-4d25-8cbe-3312731ff560-master-0   1/1     Running           0          5s,4,1000m,0.02,512,3,,47.60366439819336
72,trainjob-ea85d503-9881-4e01-9c7a-d1aea0b075d9-master-0   1/1     Running           0          6s,4,1000m,0.04,128,1,,49.97306799888611
73,trainjob-c69b9317-de13-405a-ac96-e73fb25489ba-master-0   1/1     Running   0          6s,4,1000m,0.04,128,2,,51.58288073539734
74,trainjob-1e607465-2b0c-4519-b6a6-19e8568049cd-master-0   1/1     Running   0          5s,4,1000m,0.04,128,3,,50.00400757789612
75,trainjob-f9d9ae6d-0895-40ed-90ee-853dc8a624d7-master-0   1/1     Running           0          7s,4,1000m,0.04,256,1,,47.41136837005615
76,trainjob-6fe68b7d-ce11-4c75-8665-ce9b32c31930-master-0   1/1     Running           0          5s,4,1000m,0.04,256,2,,46.90005874633789
77,trainjob-ab3e2ae8-14d2-4d05-b952-480480bfbf6b-master-0   1/1     Running   0          5s,4,1000m,0.04,256,3,,47.41839051246643
78,trainjob-fc40db72-0ded-493e-bbe0-57984fb35b32-master-0   1/1     Running   0          8s,4,1000m,0.04,512,1,,48.815765619277954
79,trainjob-0387e4c5-d20a-4853-befd-33edc7e7c46f-master-0   1/1     Running   0          7s,4,1000m,0.04,512,2,,47.889010190963745
80,trainjob-e8925f11-0801-46b1-850e-8684f7618cab-master-0   1/1     Running   0          5s,4,1000m,0.04,512,3,,46.79515051841736
81,trainjob-38a7c40a-295f-42aa-a98b-71a46a764774-master-0   1/1     Running           0          7s,3,1250m,0.01,128,1,,54.60270690917969
82,trainjob-a3018550-1329-4ed5-a749-7caeb1bb26fd-master-0   1/1     Running    0          5s,3,1250m,0.01,128,2,,52.78736925125122
83,trainjob-28c0dd9a-3470-4f47-897e-a3f0a7315a00-master-0   1/1     Running   0          6s,3,1250m,0.01,128,3,,54.80747032165527
84,trainjob-1c7359d1-88ce-48ec-89cd-abc8e644d6cf-master-0   1/1     Running           0          7s,3,1250m,0.01,256,1,,49.87578725814819
85,trainjob-0f5d94a4-cd2b-4c63-822d-bd7b776e37c0-master-0   1/1     Running   0          8s,3,1250m,0.01,256,2,,51.076491355895996
86,trainjob-24f27da1-cc5a-4e54-839f-04a07064c67f-master-0   1/1     Running           0          6s,3,1250m,0.01,256,3,,49.298598289489746
87,trainjob-1fbc5020-9e42-424a-841c-418f9cfb6017-master-0   1/1     Running           0          7s,3,1250m,0.01,512,1,,48.60896944999695
88,trainjob-24b90456-b4c9-4bd6-98b5-18013a918d50-master-0   1/1     Running           0          6s,3,1250m,0.01,512,2,,49.07221293449402
89,trainjob-abe1847d-9433-4708-8890-9ba54f6e344a-master-0   1/1     Running   0          6s,3,1250m,0.01,512,3,,49.282742977142334
90,trainjob-84eee1ce-9a8f-4464-b764-6fa6c80f77dc-master-0   1/1     Running           0          9s,3,1250m,0.02,128,1,,53.968223094940186
91,trainjob-da979331-e06a-4530-adca-41e33f6c3b83-master-0   1/1     Running   0          5s,3,1250m,0.02,128,2,,53.29080772399902
92,trainjob-79e3c422-b134-4699-847b-e5863af7e672-master-0   1/1     Running   0          5s,3,1250m,0.02,128,3,,52.112125873565674
93,trainjob-40d41e40-5e3c-4d48-be09-86eb0ef59fa6-master-0   1/1     Running           0          6s,3,1250m,0.02,256,1,,49.09726643562317
94,trainjob-e8dcb931-ce3c-4e8c-800f-0296f3b1363a-master-0   1/1     Running   0          7s,3,1250m,0.02,256,2,,50.218161821365356
95,trainjob-962e951c-ff4f-445b-a95d-c2adea187efa-master-0   1/1     Running   0          5s,3,1250m,0.02,256,3,,49.0996196269989
96,trainjob-f74793ef-0289-4297-9e14-395dc8fe8c9b-master-0   1/1     Running           0          7s,3,1250m,0.02,512,1,,49.513357162475586
97,trainjob-0a86537b-c433-4436-8b48-791b2396daa2-master-0   1/1     Running   0          6s,3,1250m,0.02,512,2,,48.999738931655884
98,trainjob-1a7d64df-ef2d-489a-a696-58c7544bab2d-master-0   1/1     Running   0          6s,3,1250m,0.02,512,3,,50.493135929107666
99,trainjob-96c3b221-9d4d-417d-bcdc-d13f83bb5244-master-0   1/1     Running           0          6s,3,1250m,0.04,128,1,,52.6055223941803
100,trainjob-1c5c3088-92ac-4b71-8af2-73e02d5aa31b-master-0   1/1     Running   0          5s,3,1250m,0.04,128,2,,53.11606550216675
101,trainjob-a7c082d3-7a07-4c71-9147-b990691c5627-master-0   1/1     Running           0          5s,3,1250m,0.04,128,3,,54.751394510269165
102,trainjob-c6522f5e-218b-44c5-adf0-0c8eaed08e68-master-0   1/1     Running           0          7s,3,1250m,0.04,256,1,,47.98579168319702
103,trainjob-3d71ee50-698c-49da-9a99-e53a77506cb0-master-0   1/1     Running   0          5s,3,1250m,0.04,256,2,,48.88189387321472
104,trainjob-cd339b6f-d46a-4fd0-b260-65e8bc4479ca-master-0   1/1     Running   0          5s,3,1250m,0.04,256,3,,48.159486055374146
105,trainjob-2cf3269d-70d3-451e-b18d-30c4dd986e3e-master-0   1/1     Running           0          6s,3,1250m,0.04,512,1,,48.549553871154785
106,trainjob-39f64e0f-af04-413a-8873-0f5fc2464c25-master-0   1/1     Running   0          5s,3,1250m,0.04,512,2,,48.52624011039734
107,trainjob-eebf24d5-7ea8-4458-8404-9d029e60f067-master-0   1/1     Running   0          5s,3,1250m,0.04,512,3,,48.287346601486206
108,trainjob-c9b1b86d-35b1-4fb1-9888-e006f003f669-master-0   1/1     Running           0          7s,3,1125m,0.01,128,1,,59.3540723323822
109,trainjob-9d5b3219-0534-454a-b31c-6592ab7b2ddd-master-0   1/1     Running           0          6s,3,1125m,0.01,128,2,,61.09428143501282
110,trainjob-095bc544-6325-4f7f-8098-7420f58abca9-master-0   1/1     Running   0          6s,3,1125m,0.01,128,3,,59.21424579620361
111,trainjob-abebe106-9b72-41a4-a683-76ee1ee4a96e-master-0   1/1     Running           0          6s,3,1125m,0.01,256,1,,54.89908766746521
112,trainjob-fdf45448-6798-4943-bb0f-afacc8f82aba-master-0   1/1     Running           0          5s,3,1125m,0.01,256,2,,57.182679176330566
113,trainjob-92ed63f8-3aec-4448-9e36-64c5db72c4df-master-0   1/1     Running           0          6s,3,1125m,0.01,256,3,,54.89127564430237
114,trainjob-36a8948d-b6f7-42cd-a24a-5e71c7b90124-master-0   1/1     Running           0          7s,3,1125m,0.01,512,1,,56.00088095664978
115,trainjob-95a85c31-7b8c-494a-ae2f-a3b2ebf0c42a-master-0   1/1     Running   0          6s,3,1125m,0.01,512,2,,54.3169424533844
116,trainjob-bb901610-3e39-4aa6-b8b6-5e03edcb44c9-master-0   1/1     Running   0          5s,3,1125m,0.01,512,3,,56.07561898231506
117,trainjob-8ceb4bf6-7591-4c94-8ed5-54a385e344d9-master-0   1/1     Running           0          7s,3,1125m,0.02,128,1,,58.84261775016785
118,trainjob-1fb22e68-fc61-4e6e-ac28-5fb371e947e2-master-0   1/1     Running   0          5s,3,1125m,0.02,128,2,,60.790522813797
119,trainjob-301e778c-d33c-44fe-8ad0-273de6b2feb1-master-0   1/1     Running   0          6s,3,1125m,0.02,128,3,,59.16895246505737
120,trainjob-262335f3-9455-4f5e-b592-519fe143148c-master-0   1/1     Running           0          7s,3,1125m,0.02,256,1,,56.00678586959839
121,trainjob-d98ad370-bfbe-4d43-988d-1e7da692e37b-master-0   1/1     Running           0          6s,3,1125m,0.02,256,2,,54.07841181755066
122,trainjob-108f95ba-e74b-4345-8dc7-39de4efd5a2c-master-0   1/1     Running   0          5s,3,1125m,0.02,256,3,,55.882285594940186
123,trainjob-a26c30ef-732e-42c0-aee9-5cbd12c80c45-master-0   1/1     Running           0          6s,3,1125m,0.02,512,1,,54.573553800582886
124,trainjob-b497cb44-01d3-4163-8795-4ce6adb958a1-master-0   1/1     Running           0          6s,3,1125m,0.02,512,2,,54.79182553291321
125,trainjob-8f6beb20-e559-460a-b3a7-018d11ebb7d7-master-0   1/1     Running   0          5s,3,1125m,0.02,512,3,,54.707404136657715
126,trainjob-b7cec031-756f-4b50-ad74-e0057b62467d-master-0   1/1     Running           0          7s,3,1125m,0.04,128,1,,59.67254567146301
127,trainjob-e8363cef-c230-4fa0-93fd-f90b22445edd-master-0   1/1     Running   0          5s,3,1125m,0.04,128,2,,59.62335515022278
128,trainjob-059f92c2-4166-4dcb-8195-54956e85b06f-master-0   1/1     Running   0          5s,3,1125m,0.04,128,3,,60.21102499961853
129,trainjob-7f9c8290-d2a0-40ad-8c76-211d02aa09eb-master-0   1/1     Running           0          6s,3,1125m,0.04,256,1,,54.38711881637573
130,trainjob-fb71a2c7-cf88-4e48-84a9-56832e001645-master-0   1/1     Running           0          5s,3,1125m,0.04,256,2,,53.60357689857483
131,trainjob-64170f49-0aae-4242-b17b-48fd2f26f3ff-master-0   1/1     Running   0          6s,3,1125m,0.04,256,3,,54.329378843307495
132,trainjob-e6d2f57f-a834-40e7-9d1f-b02ff17885c1-master-0   1/1     Running           0          6s,3,1125m,0.04,512,1,,53.886152505874634
133,trainjob-be5c6a99-bbab-49f7-b6e3-a03733f02a10-master-0   1/1     Running           0          5s,3,1125m,0.04,512,2,,55.77909755706787
134,trainjob-26ecfb5b-2c38-4b7a-a2f1-f75dfa2d938f-master-0   1/1     Running           0          6s,3,1125m,0.04,512,3,,54.60773205757141
135,trainjob-73837cc2-8de3-4329-b088-590bf1c17fa0-master-0   1/1     Running           0          7s,3,1000m,0.01,128,1,,66.60705018043518
136,trainjob-b8db97f9-f291-43b6-8084-01962338b678-master-0   1/1     Running   0          7s,3,1000m,0.01,128,2,,71.10366153717041
137,trainjob-082c752f-816a-417b-a80a-fb744088bf22-master-0   1/1     Running   0          6s,3,1000m,0.01,128,3,,64.77372527122498
138,trainjob-8b541041-440d-4fc0-ac31-40e48782cab2-master-0   1/1     Running           0          6s,3,1000m,0.01,256,1,,61.88926458358765
139,trainjob-77aff00c-d1e8-4bae-a192-2bbe6d0103c8-master-0   1/1     Running   0          8s,3,1000m,0.01,256,2,,62.21481943130493
140,trainjob-c3639706-849d-414f-a4fa-66c30ac8acc9-master-0   1/1     Running   0          6s,3,1000m,0.01,256,3,,61.22758483886719
141,trainjob-ebaf0840-839f-4ddf-8182-f3b9668df1be-master-0   1/1     Running           0          6s,3,1000m,0.01,512,1,,61.82246422767639
142,trainjob-439618a6-7e3b-4f05-8e67-3687ccdc29ac-master-0   1/1     Running    0          5s,3,1000m,0.01,512,2,,63.79384160041809
143,trainjob-5fc2a62a-a7ca-4eea-9642-fbba61f65fa9-master-0   1/1     Running   0          5s,3,1000m,0.01,512,3,,61.5565230846405
144,trainjob-a0cbcb38-8a1f-422e-b076-d458d49fda22-master-0   1/1     Running           0          6s,3,1000m,0.02,128,1,,66.01584053039551
145,trainjob-148304d1-d0b3-4926-a185-d6fd3a77cdad-master-0   1/1     Running   0          6s,3,1000m,0.02,128,2,,67.28642678260803
146,trainjob-6ed20b4a-ddcc-44ee-8d1a-2c9c383c013b-master-0   1/1     Running   0          6s,3,1000m,0.02,128,3,,67.31129097938538
147,trainjob-77e31c4b-1836-4f50-82d9-9d654811b2d4-master-0   1/1     Running           0          7s,3,1000m,0.02,256,1,,62.212687492370605
148,trainjob-06dc8c99-57f2-4902-8f84-cc13c17a35ca-master-0   1/1     Running           0          6s,3,1000m,0.02,256,2,,60.817545890808105
149,trainjob-02fe6f56-9bba-48d8-bfc7-8cb16e5e0a70-master-0   1/1     Running   0          6s,3,1000m,0.02,256,3,,62.01204514503479
150,trainjob-50606f08-59fa-4b6b-9a31-e87de5114648-master-0   1/1     Running           0          6s,3,1000m,0.02,512,1,,62.59288716316223
151,trainjob-be41cbcb-4ca7-4486-aeda-86d9b38e4780-master-0   1/1     Running   0          5s,3,1000m,0.02,512,2,,62.02462673187256
152,trainjob-b45eec1d-b250-45d1-8c11-d924aaadb478-master-0   1/1     Running   0          5s,3,1000m,0.02,512,3,,62.884727001190186
153,trainjob-8ef8bd50-de08-4341-891b-3a6a16209ceb-master-0   1/1     Running   0          8s,3,1000m,0.04,128,1,,69.56847381591797
154,trainjob-db35c789-16bd-4caa-9e1a-3c93e7246653-master-0   1/1     Running   0          6s,3,1000m,0.04,128,2,,67.51130962371826
155,trainjob-51ffcfcc-cdcc-46b4-957a-ae09f1d8690e-master-0   1/1     Running           0          5s,3,1000m,0.04,128,3,,64.09724259376526
156,trainjob-3049a842-02c6-43fb-a166-f5a95aa97da3-master-0   1/1     Running           0          6s,3,1000m,0.04,256,1,,62.905874729156494
157,trainjob-3d4fb6b4-aee3-459b-bf87-74a07efede7b-master-0   1/1     Running   0          6s,3,1000m,0.04,256,2,,62.127779722213745
158,trainjob-b1bacceb-7279-4c37-9836-ae02821d0d8f-master-0   1/1     Running   0          5s,3,1000m,0.04,256,3,,61.99763202667236
159,trainjob-e2f38182-0b5b-4a0b-b113-ad3ba644f330-master-0   1/1     Running           0          7s,3,1000m,0.04,512,1,,61.59875535964966
160,trainjob-84175356-59a7-44a3-b1cd-33c605e208a7-master-0   1/1     Running           0          5s,3,1000m,0.04,512,2,,60.574352502822876
161,trainjob-71e720cc-fcba-41f2-bb07-8560f177aac4-master-0   1/1     Running   0          6s,3,1000m,0.04,512,3,,60.990461111068726
162,trainjob-ccfcf62c-e23b-4a43-a297-bae7038edebd-master-0   1/1     Running           0          6s,2,1250m,0.01,128,1,,77.11627721786499
163,trainjob-141c4ed5-d986-43ee-becd-7f576a01f244-master-0   1/1     Running   0          6s,2,1250m,0.01,128,2,,82.18048930168152
164,trainjob-03e62898-83f1-4dde-9813-a260dcff4172-master-0   1/1     Running   0          6s,2,1250m,0.01,128,3,,77.18967413902283
165,trainjob-96013387-4ff3-4c46-8dd9-ef24309a70b7-master-0   1/1     Running           0          6s,2,1250m,0.01,256,1,,75.7335569858551
166,trainjob-05a6b06a-1c4a-4421-aad1-9b8c8cbbbf47-master-0   1/1     Running           0          7s,2,1250m,0.01,256,2,,74.05007743835449
167,trainjob-a4688d5a-ae1e-41ed-8ce8-4c4d2216e6dc-master-0   1/1     Running   0          5s,2,1250m,0.01,256,3,,73.9241361618042
168,trainjob-dea21ac4-d945-4ee1-b5d7-cf1fcd1ce2c9-master-0   1/1     Running           0          6s,2,1250m,0.01,512,1,,73.95305347442627
169,trainjob-d1ac87c4-84dc-40b0-96b5-3d9965aaa254-master-0   1/1     Running   0          7s,2,1250m,0.01,512,2,,78.32956552505493
170,trainjob-32abe9a6-df98-4b35-b499-3aebefe0f5ed-master-0   1/1     Running   0          6s,2,1250m,0.01,512,3,,75.79956007003784
171,trainjob-87eb3e02-3602-4992-a400-50eb4de64f94-master-0   1/1     Running           0          6s,2,1250m,0.02,128,1,,80.71731448173523
172,trainjob-91eba6d7-b27c-4a02-b67b-a0c0b80685cf-master-0   1/1     Running   0          7s,2,1250m,0.02,128,2,,79.68951797485352
173,trainjob-b3ef2c7f-6823-414e-b340-e29d46109109-master-0   1/1     Running   0          5s,2,1250m,0.02,128,3,,78.13308763504028
174,trainjob-b6af6e37-6e0c-473d-b92c-5faba2b4f2bd-master-0   1/1     Running   0          9s,2,1250m,0.02,256,1,,72.57619404792786
175,trainjob-af51d74b-558d-43eb-96e4-a1e049d5f1c9-master-0   1/1     Running   0          5s,2,1250m,0.02,256,2,,74.97930765151978
176,trainjob-98f4a2d0-64ee-4bb0-b2df-4488d7b4ced3-master-0   1/1     Running   0          5s,2,1250m,0.02,256,3,,75.28956770896912
177,trainjob-d8e147ee-5a61-40ae-bc36-55897e26ce66-master-0   1/1     Running           0          6s,2,1250m,0.02,512,1,,75.97021842002869
178,trainjob-707c3ab7-16b4-4d4e-8fd8-99ba243247b6-master-0   1/1     Running   0          5s,2,1250m,0.02,512,2,,75.17789077758789
179,trainjob-306acf1d-9b40-4374-9f6c-e0522871cd1e-master-0   1/1     Running   0          6s,2,1250m,0.02,512,3,,76.60411739349365
180,trainjob-41d26b5c-efb0-4fbe-a8ec-ffd963beb8d2-master-0   1/1     Running           0          6s,2,1250m,0.04,128,1,,76.97484874725342
181,trainjob-fe823abb-82e3-44b1-b87a-c53ab620bcbb-master-0   1/1     Running   0          5s,2,1250m,0.04,128,2,,78.44415831565857
182,trainjob-cd7e8029-ebed-4a47-9565-72f99ffb2d99-master-0   1/1     Running   0          5s,2,1250m,0.04,128,3,,79.34829759597778
183,trainjob-035f706c-1ba8-4ff4-8025-ae60292c48d7-master-0   1/1     Running           0          6s,2,1250m,0.04,256,1,,72.59793424606323
184,trainjob-d2458e77-4d40-474d-92b2-113c1ca1ea5c-master-0   1/1     Running           0          6s,2,1250m,0.04,256,2,,72.6700918674469
185,trainjob-656ab4b8-6cbe-4ff6-82a4-946eed0e928d-master-0   1/1     Running   0          5s,2,1250m,0.04,256,3,,72.39722871780396
186,trainjob-f6300d83-d52b-461c-b737-4d6c82045a96-master-0   1/1     Running           0          6s,2,1250m,0.04,512,1,,70.51781702041626
187,trainjob-f305b96f-edd6-4c8e-95ce-bcc1ca0ba9c8-master-0   1/1     Running   0          5s,2,1250m,0.04,512,2,,76.07919645309448
188,trainjob-b5f992bd-6d97-4484-aa54-2b2011688f88-master-0   1/1     Running           0          5s,2,1250m,0.04,512,3,,74.11198854446411
189,trainjob-31e320d0-9d7b-45c1-9c44-a64a28ffd384-master-0   1/1     Running           0          6s,2,1125m,0.01,128,1,,89.48886942863464
190,trainjob-fd199d84-14d9-45a2-abfa-21b87a82286a-master-0   1/1     Running   0          8s,2,1125m,0.01,128,2,,86.60880589485168
191,trainjob-c19621e6-4a86-4893-ab8c-287d0ec0b71a-master-0   1/1     Running   0          8s,2,1125m,0.01,128,3,,90.04167675971985
192,trainjob-c9c723b3-f304-4340-a8ed-f8e3bc66c56c-master-0   1/1     Running           0          7s,2,1125m,0.01,256,1,,81.99698281288147
193,trainjob-552883b6-55eb-4f0b-9152-b2596534239c-master-0   1/1     Running   0          6s,2,1125m,0.01,256,2,,81.60692620277405
194,trainjob-5f827716-32cd-47fe-825f-66c822861c76-master-0   1/1     Running   0          5s,2,1125m,0.01,256,3,,81.68245458602905
195,trainjob-85eb1f3a-a20a-4573-bc9f-a511e05ddb94-master-0   1/1     Running           0          6s,2,1125m,0.01,512,1,,79.71728324890137
196,trainjob-f98f1722-7529-4e91-9802-57c729d050b6-master-0   1/1     Running   0          7s,2,1125m,0.01,512,2,,84.39486336708069
197,trainjob-95b9b519-671c-4ea2-af29-511275704475-master-0   1/1     Running   0          5s,2,1125m,0.01,512,3,,85.30578899383545
198,trainjob-c61a3d87-e1f7-4529-815f-cf046d6ddb1f-master-0   1/1     Running    0          6s,2,1125m,0.02,128,1,,85.6940405368805
199,trainjob-19970750-9849-4b4e-b486-c54161dc782c-master-0   1/1     Running   0          6s,2,1125m,0.02,128,2,,89.21163415908813
200,trainjob-5c873b23-4b43-43fe-ab01-0f30c2bec607-master-0   1/1     Running   0          6s,2,1125m,0.02,128,3,,84.68655395507812
201,trainjob-8ef23d44-dfa0-4cc9-a793-ac9e5936b3cf-master-0   1/1     Running           0          6s,2,1125m,0.02,256,1,,82.91972708702087
202,trainjob-4e61ae2e-c078-489b-8091-2c921483b111-master-0   1/1     Running           0          6s,2,1125m,0.02,256,2,,82.61764240264893
203,trainjob-511a62dc-1086-4aea-89dc-32cc7e30560a-master-0   1/1     Running   0          5s,2,1125m,0.02,256,3,,82.38996481895447
204,trainjob-5250bb41-3e3d-4d55-bce6-b5cd18c547bf-master-0   1/1     Running           0          6s,2,1125m,0.02,512,1,,81.69665670394897
205,trainjob-69c25979-fe7e-41fe-a4e0-debd42bd2700-master-0   1/1     Running   0          6s,2,1125m,0.02,512,2,,85.57647967338562
206,trainjob-d5b9a9c3-1bf8-428b-bdfc-c19618c658c5-master-0   1/1     Running   0          5s,2,1125m,0.02,512,3,,77.11218214035034
207,trainjob-494f3960-83d1-4f0e-bbaa-d6d4a63cc6b4-master-0   1/1     Running   0          8s,2,1125m,0.04,128,1,,84.52058434486389
208,trainjob-91e004d6-b625-4383-b790-f815ac1eea64-master-0   1/1     Running   0          5s,2,1125m,0.04,128,2,,83.56657791137695
209,trainjob-f44893e7-c955-409f-af4e-f50af5c49494-master-0   1/1     Running   0          5s,2,1125m,0.04,128,3,,85.59853386878967
210,trainjob-ffe6f2a8-875c-4a56-a648-4c548b8791b8-master-0   1/1     Running           0          6s,2,1125m,0.04,256,1,,81.2277979850769
211,trainjob-47856431-78dc-48fb-833e-7961dea83935-master-0   1/1     Running    0          5s,2,1125m,0.04,256,2,,81.68900179862976
212,trainjob-b629d783-57bc-462e-8e7d-1f2f0860c04a-master-0   1/1     Running   0          6s,2,1125m,0.04,256,3,,79.18889808654785
213,trainjob-1916ad3e-4f22-42df-b7f3-6fcf1f51aacf-master-0   1/1     Running           0          6s,2,1125m,0.04,512,1,,83.82314991950989
214,trainjob-218c34e6-125d-4bd8-8f41-6a939f9cc0bb-master-0   1/1     Running    0          5s,2,1125m,0.04,512,2,,85.29829239845276
215,trainjob-da59a018-ad96-43cd-bdfb-0c061c79f23d-master-0   1/1     Running   0          6s,2,1125m,0.04,512,3,,80.50091862678528
216,trainjob-9f77ed16-11b6-4ee5-8c0d-36b009f72ff7-master-0   1/1     Running   0          8s,2,1000m,0.01,128,1,,97.41457724571228
217,trainjob-87611e36-90c2-4dc8-83a6-27c22dd09d05-master-0   1/1     Running   0          5s,2,1000m,0.01,128,2,,102.11124110221863
218,trainjob-97fdc55f-022d-4dbd-8831-4cd67967db25-master-0   1/1     Running   0          5s,2,1000m,0.01,128,3,,96.7088942527771
219,trainjob-948f179d-2176-47b7-8a17-9010e427ff54-master-0   1/1     Running           0          7s,2,1000m,0.01,256,1,,92.76016855239868
220,trainjob-cfb6debd-d5cd-4c37-86b0-c380130da06c-master-0   1/1     Running   0          8s,2,1000m,0.01,256,2,,91.69995594024658
221,trainjob-3e0f7248-ebac-481f-97e4-5b3a26f7a6f8-master-0   1/1     Running   0          6s,2,1000m,0.01,256,3,,92.87306809425354
222,trainjob-b5b07586-f9fa-4bfd-a5d2-4b0c98651e4b-master-0   1/1     Running           0          6s,2,1000m,0.01,512,1,,94.11731243133545
223,trainjob-3db5ac9c-2dc6-4d6f-904a-dd22f400442a-master-0   1/1     Running    0          5s,2,1000m,0.01,512,2,,96.99268507957458
224,trainjob-dc6623a9-b641-4284-9485-c3112ef9ae23-master-0   1/1     Running   0          5s,2,1000m,0.01,512,3,,97.98774766921997
225,trainjob-385ff6c4-766f-466d-b4b5-2160dab95c4c-master-0   1/1     Running           0          5s,2,1000m,0.02,128,1,,98.19736933708191
226,trainjob-d9ed9a8b-c506-4ea3-88bc-afbe81d0d097-master-0   1/1     Running   0          6s,2,1000m,0.02,128,2,,96.41748571395874
227,trainjob-b7d67c70-6db3-43e1-90c2-c01ba46b1077-master-0   1/1     Running    0          5s,2,1000m,0.02,128,3,,100.6351408958435
228,trainjob-9f503d7a-76d0-44d3-952e-e5e0b3e1e73e-master-0   1/1     Running           0          6s,2,1000m,0.02,256,1,,91.82965922355652
229,trainjob-522dd81d-4e0c-41f0-ba54-5e03ee0eeceb-master-0   1/1     Running   0          7s,2,1000m,0.02,256,2,,93.49838638305664
230,trainjob-3a8c4bf1-66d2-4a55-ae35-ee8d68364df4-master-0   1/1     Running   0          5s,2,1000m,0.02,256,3,,93.2064266204834
231,trainjob-563bb293-9715-4778-9ef5-9d4c5ae9082f-master-0   1/1     Running           0          6s,2,1000m,0.02,512,1,,91.589120388031
232,trainjob-95f2d539-a111-4b37-9ec3-6a18ec59b5f5-master-0   1/1     Running   0          8s,2,1000m,0.02,512,2,,96.8925404548645
233,trainjob-4e3e1647-363b-4762-a561-f6b5f15831bb-master-0   1/1     Running   0          6s,2,1000m,0.02,512,3,,91.75829720497131
234,trainjob-a4c48db8-750b-41d5-b346-1bb7125da409-master-0   1/1     Running           0          7s,2,1000m,0.04,128,1,,99.2210693359375
235,trainjob-6104cda5-0ade-4d3d-8c08-2124101697d3-master-0   1/1     Running   0          6s,2,1000m,0.04,128,2,,96.00268769264221
236,trainjob-3c89c1d1-1eec-40eb-a164-155dad59f00f-master-0   1/1     Running   0          5s,2,1000m,0.04,128,3,,95.09561109542847
237,trainjob-97ccba68-2636-4040-8ec0-24616ea05b5c-master-0   1/1     Running   0          8s,2,1000m,0.04,256,1,,92.66398668289185
238,trainjob-a30eda06-17c3-4eb1-a1a1-013ed8554d43-master-0   1/1     Running           0          7s,2,1000m,0.04,256,2,,92.59278750419617
239,trainjob-e33442b2-a65f-4469-a458-dbff8533031c-master-0   1/1     Running    0          5s,2,1000m,0.04,256,3,,90.8226146697998
240,trainjob-3e170dd7-5f39-4166-9eea-277a206501d3-master-0   1/1     Running           0          6s,2,1000m,0.04,512,1,,89.66618347167969
241,trainjob-4d388c47-7716-4556-8b72-27a578bab68b-master-0   1/1     Running           0          7s,2,1000m,0.04,512,2,,94.71944975852966
242,trainjob-95c3a0c7-5687-461f-9e35-9276734a70fc-master-0   1/1     Running   0          5s,2,1000m,0.04,512,3,,96.30404043197632
243,trainjob-6044083f-0d6d-406d-9d5e-4457673710fc-master-0   1/1     Running   0          6s,1,1250m,0.01,128,1,,153.6200771331787
244,trainjob-7d02940a-2f7d-4532-ad0e-06defc8a4ed0-master-0   1/1     Running   0          8s,1,1250m,0.01,128,2,,146.7651662826538
245,trainjob-42b603b7-5099-460c-bbb6-640161894460-master-0   1/1     Running   0          5s,1,1250m,0.01,128,3,,149.4444694519043
246,trainjob-017574fc-2634-4bc5-a787-2d8dda381825-master-0   1/1     Running   0          6s,1,1250m,0.01,256,1,,142.9094021320343
247,trainjob-89c61462-f798-44e5-ba3b-ae2ade184d49-master-0   1/1     Running   0          7s,1,1250m,0.01,256,2,,143.79646587371826
248,trainjob-91ae7359-edf2-4345-9289-8659427eb837-master-0   1/1     Running   0          5s,1,1250m,0.01,256,3,,142.58513164520264
249,trainjob-15d2b5b0-2042-4b35-ae1c-0272e2c34a2c-master-0   1/1     Running   0          8s,1,1250m,0.01,512,1,,135.55773186683655
250,trainjob-c1685f83-3f76-4f04-b7b4-bb4539c7ad6d-master-0   1/1     Running   0          5s,1,1250m,0.01,512,2,,140.52515578269958
251,trainjob-05b6d9e3-5161-42b0-9d62-f38b61a9ccbd-master-0   1/1     Running   0          5s,1,1250m,0.01,512,3,,136.4914116859436
252,trainjob-13c416bf-9408-461e-ac3b-d0962bc60ec0-master-0   1/1     Running   0          6s,1,1250m,0.02,128,1,,156.0494258403778
253,trainjob-168114f0-6a30-4db7-9308-2cceb69afdf5-master-0   1/1     Running   0          6s,1,1250m,0.02,128,2,,151.01452445983887
254,trainjob-6f88ec50-30e1-48e0-b4fb-b83934aff781-master-0   1/1     Running   0          7s,1,1250m,0.02,128,3,,147.91498589515686
255,trainjob-af6c9102-2e04-484c-9dc8-5833a8dfd853-master-0   1/1     Running   0          7s,1,1250m,0.02,256,1,,136.9503664970398
256,trainjob-f737c159-6c55-4530-8a9e-b83ba0e381d1-master-0   1/1     Running   0          7s,1,1250m,0.02,256,2,,142.31563782691956
257,trainjob-1b33a0ef-e633-4433-a913-f189e0eb7b6f-master-0   1/1     Running   0          8s,1,1250m,0.02,256,3,,146.2746353149414
258,trainjob-9fe7eadb-45d3-42df-9ed7-6c63247e50be-master-0   1/1     Running   0          6s,1,1250m,0.02,512,1,,142.6259036064148
259,trainjob-8ea8fbb8-0dad-4257-b8ff-4c9f982d535b-master-0   1/1     Running   0          9s,1,1250m,0.02,512,2,,150.56710529327393
260,trainjob-7b408d08-0173-47d1-9f86-60519e2c449d-master-0   1/1     Running   0          7s,1,1250m,0.02,512,3,,149.44814324378967
261,trainjob-a0708bd7-2287-49d0-bda6-eba6257896e6-master-0   1/1     Running   0          8s,1,1250m,0.04,128,1,,144.99309253692627
262,trainjob-a2ccb962-b16b-46bd-8d21-31f199deedc9-master-0   1/1     Running   0          6s,1,1250m,0.04,128,2,,159.23560690879822
263,trainjob-991ceba7-4e73-4293-b67d-ba0a8d851b7b-master-0   1/1     Running   0          5s,1,1250m,0.04,128,3,,151.30897068977356
264,trainjob-73e0532f-a79a-4196-9556-b69c3ac53a8d-master-0   1/1     Running   0          6s,1,1250m,0.04,256,1,,141.5111780166626
265,trainjob-ddc09bca-4e05-4b1e-b6c5-f83254de8ef6-master-0   1/1     Running   0          5s,1,1250m,0.04,256,2,,142.40465807914734
266,trainjob-7098aadc-bcd9-4910-9242-3b61da25fbf7-master-0   1/1     Running   0          8s,1,1250m,0.04,256,3,,139.9982659816742
267,trainjob-6684af52-e2ba-4829-8a6d-af60d891358a-master-0   1/1     Running   0          8s,1,1250m,0.04,512,1,,141.50794529914856
268,trainjob-f21f2f1c-5500-4883-8863-02dfc4528cce-master-0   1/1     Running   0          6s,1,1250m,0.04,512,2,,143.28427386283875
269,trainjob-757d6814-a3d8-45da-bd0b-5641af531684-master-0   1/1     Running   0          5s,1,1250m,0.04,512,3,,135.8110067844391
270,trainjob-e63d63c8-14ba-48c6-9d0f-fe2d8805de6d-master-0   1/1     Running   0          8s,1,1125m,0.01,128,1,,169.20586347579956
271,trainjob-0bd10ea3-5c97-440f-9801-ad16421ef1c9-master-0   1/1     Running   0          5s,1,1125m,0.01,128,2,,174.00135946273804
272,trainjob-44c34175-f96a-41f3-83b2-bcd1480a64d1-master-0   1/1     Running   0          5s,1,1125m,0.01,128,3,,227.41892433166504
273,trainjob-382b74f7-a1a0-464d-ba3c-95998af57b81-master-0   1/1     Running   0          6s,1,1125m,0.01,256,1,,161.29087042808533
274,trainjob-489ba861-fdc3-4b0e-8220-d13402b8f36e-master-0   1/1     Running   0          7s,1,1125m,0.01,256,2,,158.59201860427856
275,trainjob-2f50619b-ff24-4eb9-8f0b-3ae7ce31f64f-master-0   1/1     Running   0          6s,1,1125m,0.01,256,3,,156.2785782814026
276,trainjob-102fcb59-9722-4dc3-83cd-058afb3e9a43-master-0   1/1     Running   0          5s,1,1125m,0.01,512,1,,157.30038976669312
277,trainjob-d7ef2499-e995-4ae8-b2f4-81794990c06b-master-0   1/1     Running   0          7s,1,1125m,0.01,512,2,,156.56735157966614
278,trainjob-4f513e94-3f50-45e4-82d1-d1beaa129d98-master-0   1/1     Running   0          7s,1,1125m,0.01,512,3,,157.61109948158264
279,trainjob-3b092e2e-ddd8-4943-b192-e7f1a76bd3d1-master-0   1/1     Running   0          6s,1,1125m,0.02,128,1,,171.6685426235199
280,trainjob-c8c78f57-1c87-4ae3-8aa4-a8d35b0d4ad1-master-0   1/1     Running   0          5s,1,1125m,0.02,128,2,,169.57660293579102
281,trainjob-0b970212-98e5-4e2c-b2c3-aaaefb020823-master-0   1/1     Running   0          5s,1,1125m,0.02,128,3,,168.27793741226196
282,trainjob-ae450ab2-7b77-48fc-b438-c85eac614f90-master-0   1/1     Running   0          8s,1,1125m,0.02,256,1,,159.3906729221344
283,trainjob-56c80e2e-fd52-461a-a246-adb631b08bbd-master-0   1/1     Running   0          5s,1,1125m,0.02,256,2,,166.27121448516846
284,trainjob-6a4eee92-f536-4539-8264-92c0f7a21f26-master-0   1/1     Running   0          7s,1,1125m,0.02,256,3,,158.97940135002136
285,trainjob-90bfb397-9a55-4b23-bf4b-c999fb413eec-master-0   1/1     Running   0          6s,1,1125m,0.02,512,1,,153.0671832561493
286,trainjob-73422d30-b3af-48dd-8a97-819095d8e2ad-master-0   1/1     Running   0          7s,1,1125m,0.02,512,2,,156.60542798042297
287,trainjob-6110ecc5-e609-495c-a44f-7eb73cb6a2b4-master-0   1/1     Running   0          7s,1,1125m,0.02,512,3,,149.78513503074646
288,trainjob-4e8e715f-ddf8-447b-9014-32cbad32e7a0-master-0   1/1     Running   0          7s,1,1125m,0.04,128,1,,166.15595865249634
289,trainjob-137dc3da-8fe0-430c-bea2-eea07077090e-master-0   1/1     Running   0          7s,1,1125m,0.04,128,2,,183.27997255325317
290,trainjob-a6701683-7a2a-45d2-bc76-3fd03528b4d3-master-0   1/1     Running   0          5s,1,1125m,0.04,128,3,,165.0053355693817
291,trainjob-1126a417-8d59-43ee-b379-6ff7c683397f-master-0   1/1     Running   0          6s,1,1125m,0.04,256,1,,158.95783853530884
292,trainjob-9efbbed1-d18a-41bf-b5fe-d618349ebba5-master-0   1/1     Running   0          8s,1,1125m,0.04,256,2,,154.82780838012695
293,trainjob-0814ae27-2a08-49af-a52d-2a414cab6314-master-0   1/1     Running   0          7s,1,1125m,0.04,256,3,,159.19115042686462
294,trainjob-f77d21f9-677f-4081-afd0-50169551149e-master-0   1/1     Running   0          6s,1,1125m,0.04,512,1,,156.91964387893677
295,trainjob-7b2468eb-0b7e-4157-b6d7-d0c5b3ea6795-master-0   1/1     Running   0          5s,1,1125m,0.04,512,2,,153.95943427085876
296,trainjob-0fdd3175-2668-45af-bff3-0c5820b96fb3-master-0   1/1     Running   0          5s,1,1125m,0.04,512,3,,162.67529368400574
297,trainjob-3d1dcbb3-8223-45bb-9fc8-58c330765269-master-0   1/1     Running   0          5s,1,1000m,0.01,128,1,,190.56820917129517
298,trainjob-7ddbc78c-4139-4118-ac2b-350c1bd49da7-master-0   1/1     Running   0          7s,1,1000m,0.01,128,2,,191.00673842430115
299,trainjob-2f847101-e1de-4171-8f48-0e929da8a8cf-master-0   1/1     Running   0          6s,1,1000m,0.01,128,3,,189.6131522655487
300,trainjob-839a685c-d391-49e0-9c9f-66b9470c6fd1-master-0   1/1     Running   0          7s,1,1000m,0.01,256,1,,182.2146635055542
301,trainjob-ae5be157-b49c-45e0-8801-642b38247900-master-0   1/1     Running   0          6s,1,1000m,0.01,256,2,,239.7264587879181
302,trainjob-6d329490-9709-40e1-994b-b4d8ef2d01d1-master-0   1/1     Running   0          7s,1,1000m,0.01,256,3,,181.2884669303894
303,trainjob-4e9ed85a-d964-4ea5-8452-9ca5e24a5573-master-0   1/1     Running   0          6s,1,1000m,0.01,512,1,,181.31798386573792
304,trainjob-d0210855-0fa7-4e1e-b1ea-12f14346172c-master-0   1/1     Running   0          8s,1,1000m,0.01,512,2,,184.19668769836426
305,trainjob-699c2df2-c0dd-478f-9762-48c515a20d10-master-0   1/1     Running   0          7s,1,1000m,0.01,512,3,,175.73284769058228
306,trainjob-72a17b19-3a5c-4b87-b87a-6285a1e6d9fc-master-0   1/1     Running   0          6s,1,1000m,0.02,128,1,,187.59527826309204
307,trainjob-f781fe0d-d684-4990-adda-616394c22353-master-0   1/1     Running   0          8s,1,1000m,0.02,128,2,,204.71030449867249
308,trainjob-544323ad-22f1-43fc-b6c2-423457e1eb1b-master-0   1/1     Running   0          5s,1,1000m,0.02,128,3,,184.7798309326172
309,trainjob-64cf89e7-3689-4b0b-915e-7fcbd8a06eea-master-0   1/1     Running   0          7s,1,1000m,0.02,256,1,,239.53822898864746
310,trainjob-2a28b399-4ea1-40e6-9b96-baecb3c55535-master-0   1/1     Running   0          7s,1,1000m,0.02,256,2,,243.22911977767944
311,trainjob-19cb8cdd-1b9b-40dd-a18f-3580b8762d07-master-0   1/1     Running   0          7s,1,1000m,0.02,256,3,,181.1908242702484
312,trainjob-80213ea0-ee6e-4317-b068-b5b1c9ca11d1-master-0   1/1     Running   0          7s,1,1000m,0.02,512,1,,190.91087460517883
313,trainjob-195884a8-102b-4d1e-91f6-7aecc4dc0ddb-master-0   1/1     Running   0          6s,1,1000m,0.02,512,2,,181.18722105026245
314,trainjob-810319aa-bb73-4c2a-912a-17e531f00f34-master-0   1/1     Running   0          8s,1,1000m,0.02,512,3,,177.91162824630737
315,trainjob-8ef91ae7-0ccf-48c9-bf40-17a154c0108d-master-0   1/1     Running   0          8s,1,1000m,0.04,128,1,,191.7679889202118
316,trainjob-4d4ae6f0-9caa-4ffb-99ca-060aeaeb07b4-master-0   1/1     Running   0          7s,1,1000m,0.04,128,2,,211.79940485954285
317,trainjob-6259cdc6-745a-460b-be3c-23a5a85f8f0c-master-0   1/1     Running   0          7s,1,1000m,0.04,128,3,,189.61570572853088
318,trainjob-3b4b9367-f859-4cc9-8703-e4d3596757ba-master-0   1/1     Running   0          6s,1,1000m,0.04,256,1,,182.51506233215332
319,trainjob-54df3d8f-faa7-47d8-a4a2-5e1ce5ed6ee7-master-0   1/1     Running   0          8s,1,1000m,0.04,256,2,,181.27723240852356
320,trainjob-374f6add-8801-4aaa-b623-f9906c8ea7e1-master-0   1/1     Running   0          7s,1,1000m,0.04,256,3,,180.97015571594238
321,trainjob-edb16b4f-3c07-4742-8a9d-56ec0eda3296-master-0   1/1     Running   0          5s,1,1000m,0.04,512,1,,185.8144884109497
322,trainjob-967c44c1-9de7-46ba-9d7c-c9391aa9fd98-master-0   1/1     Running   0          5s,1,1000m,0.04,512,2,,179.40426111221313
323,trainjob-43eaf17d-c4c7-4d66-b5cf-de5846e82584-master-0   1/1     Running   0          5s,1,1000m,0.04,512,3,,177.38817358016968
